{
  "lang":"sr",
  "pipeline":[
    "tagger",
    "parser",
    "ner"
  ],
  "spacy_version":">=2.3.2",
  "speed":{
    "nwords":11993,
    "cpu":9932.0381182132,
    "gpu":null
  },
  "accuracy":{
    "tags_acc":81.3474526807,
    "token_acc":100.0,
    "las":61.6218809981,
    "uas":73.8387715931,
    "las_per_type":{
      "nsubj":{
        "p":60.5015673981,
        "r":59.9378881988,
        "f":60.2184087363
      },
      "aux":{
        "p":70.652173913,
        "r":87.5420875421,
        "f":78.1954887218
      },
      "advmod":{
        "p":55.905511811,
        "r":41.642228739,
        "f":47.731092437
      },
      "root":{
        "p":75.7462686567,
        "r":75.7462686567,
        "f":75.7462686567
      },
      "obj":{
        "p":40.977443609,
        "r":54.6365914787,
        "f":46.8313641246
      },
      "obl":{
        "p":54.2056074766,
        "r":42.3357664234,
        "f":47.5409836066
      },
      "nmod":{
        "p":52.4590163934,
        "r":63.2016632017,
        "f":57.3314474305
      },
      "cc":{
        "p":69.6517412935,
        "r":74.0740740741,
        "f":71.7948717949
      },
      "conj":{
        "p":27.734375,
        "r":30.1486199575,
        "f":28.8911495422
      },
      "det":{
        "p":69.7368421053,
        "r":54.358974359,
        "f":61.0951008646
      },
      "case":{
        "p":87.9130434783,
        "r":89.3899204244,
        "f":88.6453309952
      },
      "nummod":{
        "p":61.7886178862,
        "r":48.4076433121,
        "f":54.2857142857
      },
      "amod":{
        "p":68.3554169914,
        "r":83.9234449761,
        "f":75.3436426117
      },
      "appos":{
        "p":23.4042553191,
        "r":12.7906976744,
        "f":16.5413533835
      },
      "flat":{
        "p":68.5878962536,
        "r":64.4986449864,
        "f":66.4804469274
      },
      "parataxis":{
        "p":49.6855345912,
        "r":44.8863636364,
        "f":47.1641791045
      },
      "cop":{
        "p":44.4444444444,
        "r":19.512195122,
        "f":27.1186440678
      },
      "discourse":{
        "p":33.3333333333,
        "r":5.2631578947,
        "f":9.0909090909
      },
      "expl":{
        "p":82.0512820513,
        "r":82.9015544041,
        "f":82.4742268041
      },
      "advcl":{
        "p":13.5593220339,
        "r":7.5471698113,
        "f":9.696969697
      },
      "mark":{
        "p":69.414893617,
        "r":70.7317073171,
        "f":70.067114094
      },
      "ccomp":{
        "p":32.5490196078,
        "r":60.1449275362,
        "f":42.2391857506
      },
      "xcomp":{
        "p":50.0,
        "r":18.3098591549,
        "f":26.8041237113
      },
      "acl":{
        "p":52.0958083832,
        "r":36.25,
        "f":42.7518427518
      },
      "nummod:gov":{
        "p":54.1666666667,
        "r":14.7727272727,
        "f":23.2142857143
      },
      "compound":{
        "p":0.0,
        "r":0.0,
        "f":0.0
      },
      "fixed":{
        "p":43.1578947368,
        "r":58.5714285714,
        "f":49.696969697
      },
      "csubj":{
        "p":0.0,
        "r":0.0,
        "f":0.0
      },
      "orphan":{
        "p":0.0,
        "r":0.0,
        "f":0.0
      },
      "det:numgov":{
        "p":0.0,
        "r":0.0,
        "f":0.0
      },
      "list":{
        "p":0.0,
        "r":0.0,
        "f":0.0
      }
    },
    "ents_f":0.0,
    "ents_p":0.0,
    "ents_r":0.0,
    "ents_per_type":{

    }
  },
  "vectors":{
    "width":0,
    "vectors":0,
    "keys":0,
    "name":"spacy_pretrained_vectors"
  },
  "name":"model0",
  "version":"0.0.0",
  "labels":{
    "tagger":[
      "Agcfpay",
      "Agcfpgy",
      "Agcfpiy",
      "Agcfply",
      "Agcfpny",
      "Agcfsay",
      "Agcfsdy",
      "Agcfsgy",
      "Agcfsiy",
      "Agcfsly",
      "Agcfsny",
      "Agcmpay",
      "Agcmpgy",
      "Agcmpiy",
      "Agcmpny",
      "Agcmsayn",
      "Agcmsdy",
      "Agcmsgy",
      "Agcmsiy",
      "Agcmsly",
      "Agcmsny",
      "Agcnply",
      "Agcnpny",
      "Agcnsay",
      "Agcnsdy",
      "Agcnsgy",
      "Agcnsiy",
      "Agcnsly",
      "Agcnsny",
      "Agpfpay",
      "Agpfpdy",
      "Agpfpgy",
      "Agpfpiy",
      "Agpfply",
      "Agpfpny",
      "Agpfsay",
      "Agpfsdy",
      "Agpfsgy",
      "Agpfsiy",
      "Agpfsly",
      "Agpfsny",
      "Agpmpay",
      "Agpmpdy",
      "Agpmpgy",
      "Agpmpiy",
      "Agpmply",
      "Agpmpny",
      "Agpmsann",
      "Agpmsayn",
      "Agpmsayy",
      "Agpmsdy",
      "Agpmsgn",
      "Agpmsgy",
      "Agpmsiy",
      "Agpmsly",
      "Agpmsnn",
      "Agpmsny",
      "Agpnpay",
      "Agpnpdy",
      "Agpnpgy",
      "Agpnpiy",
      "Agpnply",
      "Agpnpny",
      "Agpnsay",
      "Agpnsdy",
      "Agpnsgn",
      "Agpnsgy",
      "Agpnsiy",
      "Agpnsly",
      "Agpnsny",
      "Agsfpay",
      "Agsfpgy",
      "Agsfpiy",
      "Agsfpny",
      "Agsfsay",
      "Agsfsgy",
      "Agsfsiy",
      "Agsfsny",
      "Agsmpay",
      "Agsmpdy",
      "Agsmpgy",
      "Agsmply",
      "Agsmpny",
      "Agsmsayn",
      "Agsmsayy",
      "Agsmsgy",
      "Agsmsiy",
      "Agsmsly",
      "Agsmsny",
      "Agsnpay",
      "Agsnpgy",
      "Agsnpny",
      "Agsnsgy",
      "Agsnsiy",
      "Agsnsny",
      "Appfpay",
      "Appfpdy",
      "Appfpgy",
      "Appfpiy",
      "Appfply",
      "Appfpny",
      "Appfsay",
      "Appfsgy",
      "Appfsiy",
      "Appfsly",
      "Appfsny",
      "Appmpay",
      "Appmpgy",
      "Appmpiy",
      "Appmply",
      "Appmpny",
      "Appmsann",
      "Appmsayn",
      "Appmsayy",
      "Appmsdy",
      "Appmsgy",
      "Appmsiy",
      "Appmsly",
      "Appmsnn",
      "Appmsny",
      "Appnpay",
      "Appnpgy",
      "Appnpiy",
      "Appnpny",
      "Appnsay",
      "Appnsgy",
      "Appnsiy",
      "Appnsly",
      "Appnsny",
      "Aspfpay",
      "Aspfpgy",
      "Aspfply",
      "Aspfpny",
      "Aspfsay",
      "Aspfsdy",
      "Aspfsgy",
      "Aspfsiy",
      "Aspfsly",
      "Aspfsny",
      "Aspmpay",
      "Aspmpgy",
      "Aspmpny",
      "Aspmsann",
      "Aspmsayy",
      "Aspmsdy",
      "Aspmsgy",
      "Aspmsiy",
      "Aspmsly",
      "Aspmsnn",
      "Aspnpay",
      "Aspnsay",
      "Aspnsgy",
      "Aspnsly",
      "Aspnsny",
      "Cc",
      "Cs",
      "I",
      "Mdc",
      "Mdm",
      "Mdo",
      "Mds",
      "Mlc",
      "Mlc--i",
      "Mlcf-a",
      "Mlcf-g",
      "Mlcf-n",
      "Mlcfpa",
      "Mlcfpg",
      "Mlcfsa",
      "Mlcfsd",
      "Mlcfsg",
      "Mlcfsi",
      "Mlcfsl",
      "Mlcfsn",
      "Mlcm-a",
      "Mlcm-n",
      "Mlcmpn",
      "Mlcmsan",
      "Mlcmsay",
      "Mlcmsd",
      "Mlcmsg",
      "Mlcmsi",
      "Mlcmsl",
      "Mlcmsn",
      "Mlcn-n",
      "Mlcnsa",
      "Mlcnsl",
      "Mlcnsn",
      "Mlofpa",
      "Mlofpd",
      "Mlofpg",
      "Mlofpi",
      "Mlofpl",
      "Mlofpn",
      "Mlofsa",
      "Mlofsd",
      "Mlofsg",
      "Mlofsi",
      "Mlofsl",
      "Mlofsn",
      "Mlompa",
      "Mlompd",
      "Mlompg",
      "Mlompi",
      "Mlompl",
      "Mlompn",
      "Mlomsan",
      "Mlomsay",
      "Mlomsd",
      "Mlomsg",
      "Mlomsi",
      "Mlomsl",
      "Mlomsn",
      "Mlonpa",
      "Mlonpg",
      "Mlonpl",
      "Mlonsa",
      "Mlonsg",
      "Mlonsi",
      "Mlonsl",
      "Mlonsn",
      "Mls",
      "Mlsf-a",
      "Mlsf-g",
      "Mlsf-i",
      "Mlsf-l",
      "Mlsf-n",
      "Mlsm-a",
      "Mlsm-n",
      "Ncfpa",
      "Ncfpd",
      "Ncfpg",
      "Ncfpi",
      "Ncfpl",
      "Ncfpn",
      "Ncfsa",
      "Ncfsd",
      "Ncfsg",
      "Ncfsi",
      "Ncfsl",
      "Ncfsn",
      "Ncmpa",
      "Ncmpd",
      "Ncmpg",
      "Ncmpi",
      "Ncmpl",
      "Ncmpn",
      "Ncmsan",
      "Ncmsay",
      "Ncmsd",
      "Ncmsg",
      "Ncmsi",
      "Ncmsl",
      "Ncmsn",
      "Ncmsv",
      "Ncnpa",
      "Ncnpd",
      "Ncnpg",
      "Ncnpi",
      "Ncnpl",
      "Ncnpn",
      "Ncnsa",
      "Ncnsd",
      "Ncnsg",
      "Ncnsi",
